admin admin_authenticators admin_authenticators_html admin_authenticators_record admin_authenticators_record_delete_confirm admin_authenticators_record_delete_confirm_html admin_authenticators_record_edit admin_authenticators_record_edit_html admin_authenticators_record_html admin_clusters admin_clusters_html admin_clusters_record admin_clusters_record_consistency admin_clusters_record_consistency_html admin_clusters_record_delete_confirm admin_clusters_record_delete_confirm_html admin_clusters_record_edit admin_clusters_record_edit_html admin_clusters_record_html admin_databases admin_databases_html admin_databases_record admin_databases_record_delete_confirm admin_databases_record_delete_confirm_html admin_databases_record_edit admin_databases_record_edit_html admin_databases_record_html admin_databases_rss admin_databases_rss_html admin_databases_rss_record admin_databases_rss_record_delete_confirm admin_databases_rss_record_delete_confirm_html admin_databases_rss_record_edit admin_databases_rss_record_edit_html admin_databases_rss_record_html admin_databases_updates admin_databases_updates_html admin_html admin_locations admin_locations_html admin_locations_record admin_locations_record_delete_confirm admin_locations_record_delete_confirm_html admin_locations_record_edit admin_locations_record_edit_html admin_locations_record_html admin_navigation admin_orgunits admin_orgunits_html admin_orgunits_record admin_orgunits_record_delete_confirm admin_orgunits_record_delete_confirm_html admin_orgunits_record_edit admin_orgunits_record_edit_html admin_orgunits_record_html admin_profiles admin_profiles_html admin_profiles_record admin_profiles_record_delete_confirm admin_profiles_record_delete_confirm_html admin_profiles_record_edit admin_profiles_record_edit_html admin_profiles_record_html admin_roles admin_roles_html admin_roles_record admin_roles_record_delete_confirm admin_roles_record_delete_confirm_html admin_roles_record_edit admin_roles_record_edit_html admin_roles_record_html admin_searchprofiles admin_searchprofiles_html admin_searchprofiles_record admin_searchprofiles_record_html admin_servers admin_servers_html admin_servers_record admin_servers_record_delete_confirm admin_servers_record_delete_confirm_html admin_servers_record_edit admin_servers_record_edit_html admin_servers_record_html admin_servers_updates admin_servers_updates_html admin_sessions_active admin_sessions_active_html admin_sessions_active_record admin_sessions_active_record_html admin_sessions_archived_record admin_sessions_archived_record_html admin_sessions_archived_search admin_sessions_archived_search_form admin_sessions_archived_search_form_html admin_sessions_archived_search_html admin_statistics admin_statistics_access admin_statistics_access_html admin_statistics_access_query_graph admin_statistics_access_query_graph_html admin_statistics_access_session_graph admin_statistics_access_session_graph_html admin_statistics_access_title_graph admin_statistics_access_titles_graph_html admin_statistics_browser admin_statistics_browser_html admin_statistics_client admin_statistics_client_html admin_statistics_html admin_statistics_query admin_statistics_query_html admin_statistics_redirect admin_statistics_redirect_html admin_statistics_request admin_statistics_request_html admin_statistics_view admin_statistics_view_html admin_statistics_view_session_graph admin_statistics_view_session_graph_html admin_templates admin_templates_html admin_templates_record admin_templates_record_delete_confirm admin_templates_record_delete_confirm_html admin_templates_record_edit admin_templates_record_edit_html admin_templates_record_html admin_topics admin_topics_html admin_topics_mappings admin_topics_mappings_html admin_topics_mappings_record admin_topics_mappings_record_html admin_topics_record admin_topics_record_delete_confirm admin_topics_record_delete_confirm_html admin_topics_record_edit admin_topics_record_edit_html admin_topics_record_html admin_users admin_users_html admin_users_migration admin_users_migration_html admin_users_migration_success admin_users_migration_success_html admin_users_record admin_users_record_edit admin_users_record_edit_html admin_users_record_html admin_users_search admin_users_search_html admin_views admin_views_html admin_views_record admin_views_record_delete_confirm admin_views_record_delete_confirm_html admin_views_record_edit admin_views_record_edit_html admin_views_record_html admin_views_rss_record admin_views_rss_record_edit admin_views_rss_record_edit_html admin_views_rss_record_html authenticators authenticators_html authenticators_record authenticators_record_html authority_search_combined authority_search_combined_html authority_search_end authority_search_end_html authority_search_start authority_search_start_html authorization_error authorization_error_html breadcrumbs breadcrumbs_html browse browse_bks browse_bks_html browse_bks_record browse_bks_record_databases browse_bks_record_databases_html browse_bks_record_html browse_html browse_topics browse_topics_html browse_topics_record browse_topics_record_html cartitems cartitems_html cartitems_html_actions cartitems_html_short cartitems_mail cartitems_mail_html circulation classifications classifications_record classifications_record_html classifications_record_include clouds clouds_classification clouds_classification_html clouds_corporatebody clouds_corporatebody_html clouds_databases clouds_databases_html clouds_databases_record clouds_databases_record_html clouds_html clouds_litlist clouds_litlist_html clouds_navigation clouds_person clouds_person_html clouds_searchterm clouds_searchterm_html clouds_subject clouds_subject_html clouds_tag clouds_tag_html clouds_year clouds_year_html clusters clusters_html clusters_record clusters_record_html connector_locationmark_titlist connector_locationmark_titlist_html connector_similarpersons connector_similarpersons_html connector_similarpersons_include connector_similarsubjects connector_similarsubjects_html connector_similarsubjects_include corporate_banner corporatebodies_record corporatebodies_record_html corporatebodies_record_include databases databases_html databases_popular databases_popular_html databases_record databases_record_html databases_rss databases_rss_html databases_rss_record databases_rss_record_html databases_sidebar error error_html files holding home home_html home_html_bottom home_html_bottom_center home_html_bottom_left home_html_bottom_right info_cardcatalogs info_cardcatalogs_html info_credits info_credits_html info_datenschutz info_datenschutz_html info_impressum info_impressum_html info_indexierung info_indexierung_html info_message info_message_html info_project info_project_html layout_html litlists litlists_by_single_topic litlists_by_single_topic_html litlists_by_single_topic_recent litlists_by_single_topic_recent_html litlists_by_topic litlists_by_topic_html litlists_html litlists_navigation litlists_recent litlists_recent_html litlists_record litlists_record_html locations locations_html locations_record locations_record_html login login_html logout logout_html mainnavigation mainnavigation_html orgunits orgunits_html orgunits_record orgunits_record_html pagination persons_record persons_record_html persons_record_html_images persons_record_include profiles profiles_html profiles_record profiles_record_html reviews reviews_by_isbn reviews_by_isbn_html reviews_edit reviews_edit_html reviews_html reviews_record reviews_record_html rssfeeds rssfeeds_html search_facet searchforms_record_advanced searchforms_record_advanced_html searchforms_record_authority searchforms_record_authority_html searchforms_record_profile searchforms_record_query searchforms_suggestions search_history search_history_html search_more_tips searchprofiles searchprofiles_html searchprofiles_record searchprofiles_record_html search_title_combined search_title_combined_html search_title_end search_title_end_html search_title_field search_title_item search_title_item_html search_title_start search_title_start_html servers servers_html servers_record servers_record_html std_footer std_footer_html std_header std_header_html subjects_record subjects_record_html subjects_record_include subnavigation tags tags_html tags_names tags_names_html tags_names_recent tags_names_recent_html tags_names_recent_rss tags_names_record tags_names_record_html tags_navigation templates templates_html templates_record templates_record_html templates_revisions templates_revisions_html templates_revisions_record templates_revisions_record_delete_confirm templates_revisions_record_delete_confirm_html templates_revisions_record_html titles titles_dbis_recommendations titles_dbis_recommendations_html titles_fields titles_fields_html titles_fields_record titles_fields_record_html titles_html titles_navigation titles_popular titles_popular_by_database titles_popular_by_database_html titles_popular_html titles_recent_by_database titles_recent_by_database_html titles_record titles_record_circulation titles_record_circulation_html titles_record_fields titles_record_fields_html titles_record_fields_include titles_record_fields_json titles_record_holdings titles_record_holdings_html titles_record_holdings_include titles_record_holdings_json titles_record_html titles_record_html_actions titles_record_html_actions.new titles_record_html_categories titles_record_html_images titles_record_navigation titles_record_provenances titles_record_provenances_html titles_record_provenances_record titles_record_provenances_record_html titles_record_related_records titles_record_related_records_html titles_record_related_records_include titles_record_same_records titles_record_same_records_html titles_record_same_records_include titles_record_similar_records titles_record_similar_records_html titles_record_similar_records_include titlist_item_html_short titlist_options topics topics_html topics_mappings topics_mappings_html topics_mappings_record topics_mappings_record_html topics_record topics_record_html usage_navigation users_circulations_borrows users_circulations_borrows_html users_circulations_orders users_circulations_orders_html users_circulations_reminders users_circulations_reminders_html users_circulations_reservations users_circulations_reservations_html users_litlists users_litlists_html users_litlists_record users_litlists_record_delete_confirm users_litlists_record_delete_confirm_html users_litlists_record_edit users_litlists_record_edit_html users_litlists_record_html users_litlists_record_sidebar users_migration users_migration_html users_migration_success users_migration_success_html users_navigation users_passwords users_passwords_html users_passwords_mail_body users_passwords_success users_passwords_success_html users_preferences users_preferences_html users_record_delete_confirm users_record_delete_confirm_html users_registrations users_registrations_confirmation users_registrations_confirmation_html users_registrations_html users_registrations_mail_message users_registrations_success users_registrations_success_html users_reviews users_reviews_html users_searchprofiles users_searchprofiles_html users_searchprofiles_record users_searchprofiles_record_delete_confirm users_searchprofiles_record_delete_confirm_html users_searchprofiles_record_edit users_searchprofiles_record_edit_html users_searchprofiles_record_html users_tags users_tags_edit users_tags_edit_html users_tags_html users_tags_names users_tags_names_html users_tags_names_record users_tags_names_record_html users_templates users_templates_html users_templates_record_edit users_templates_record_edit_html users_titles_record_searchindex users_titles_record_searchindex_html viewadmin_navigation views views_html views_record views_record_html views_rss_record views_rss_record_html
